id;advisor_deposit_number;advisor_request_deleted;audit_cost;beneficiary_info;branch_stamp_cost;central_bank_code;central_bank_code_reference;charged_exchange_broker_amount;charter_acceptable;comment;completion_date;covering_bank_deposit_number;currency_exchange_deposit_number;customer_deposit_number;deliver_duration;discount;draft_number;draft_order_reg_product_worth;draft_order_reg_service_worth;draft_order_reg_total_worth;draft_other_cost;has_transport_justification;insurance_cost;insurance_date;insurance_expiry_date;insurance_number;interface_advisor_deposit_number;issue_date;issue_draft_commission;last_shipment_date;main_customer_number;make_certification;multiple_transportable;order_registration_date;order_registration_expiry_date;order_registration_number;other_cost;payment_amount;performa_date;performa_expiry_date;performa_number;post_swift_cost;product_source_changeable;receive_all_commission;registeration_justification_amount;request_date;sanction_serial;serial;shipment_cost;source_transport_place;swift_comment;transfer_amount;transport_vehicle_changeable;payment_tool;letter_number_tazirat;letter_date_tazirat;loan_number;is_migrational;is_new_certificate;is_without_payment;main_account_currency_code;order_reg_currency_code;charged_exchange_broker_currency_code;destination_country_code;beneficiary_country_code;producer_country_code;registeration_justification_currency_code;branch_code;operational_branch_code;certificate_sender_branch_code
1;lest;false;4160.07;diary blush screening;10982.18;antique within;energetic;23501.93;true;um join striped;oof;dimpled;jealously;appertain off angrily;21271;25563.66;impairment pack;16768.7;26385.24;2469.53;10691.46;true;18065.35;silently regularise;gadzooks topsail;pish collateral;briskly drat spawn;fooey yippee;14388.95;whenever that excepting;8362;true;true;opulent so;ugh;wearily;24123.11;7744.95;indeed pfft catalyze;nor plaintive oh;excepting athwart instantly;19261.83;true;true;22507.4;raw villainous;roughly yet oof;22668;29625.24;likewise alter macrofauna;limp tonight;338.63;true;an oof jaggedly;broil sorrowful geez;on;offshore consequently;true;true;true;silent tower inasmuch;an unequaled provided;ew testy;goat among;optimisation apropos;lanky;forward while kimono;about presume;responsibility not father;sans
2;mileage good-natured;true;32326.85;pavilion acidic;7735.73;furthermore scarily;but highly;11513.32;false;noisily deficit relief;so ultimately er;tasty partially utilized;why;inside baggie picket;16755;27351.82;mosh;18084.2;26237.08;6311.69;27431.54;true;11711.98;concern;on frenetically;indict duh;whoever;gosh jingle polite;4542.82;truthfully;22645;true;false;portly until bell;anenst plus;tactics pinecone which;29041.47;2811.2;depend;rigid psst;astride during;25741.63;false;true;31129.01;boo;handful;4605;7037.5;finished;platform superior;24965.95;true;issue;above boohoo;trick kvetch;alarming even;true;true;true;yum circa;ah drat from;trip plastic space;below qua sail;drat postfix;bother green advance;wherever;frightened mercerise yet;too gregarious;sedately which
3;marmalade prudent failing;true;23441.12;overtake badly onto;20881.81;who till separate;whoever awkwardly gladiolus;19020.05;true;rectangle lopsided direct;aboard plow;death aside whether;aha underneath;when between outpace;4046;2994.91;till rinse ugh;12951.68;13748.8;20624.21;32765.27;false;22073.08;fairly bear;until furthermore mandolin;willing like infant;however famously tickle;disembark droop;29643.68;winds bogus since;24948;false;true;underwriting ironclad identify;derail phew;meaningfully;26546.09;29343.54;pro experienced;complex;meh apropos;26920.75;true;false;1298.91;blunt micturate;gah er;29736;8429.23;vice;defenseless beside;30131.79;true;vector;administration;repeatedly since;fooey from;false;false;false;linear;yahoo searchingly dreamily;loosen;whenever needily;thousand;rosy hoon;dutiful pfft brother;finally till uselessly;to;during fishbone huzzah
4;yowza;true;30933.7;cutover;22783.83;towards incidentally than;entreat encapsulate;21789.91;true;refocus or provided;easy-going;frenetically lament gah;ski aboard;buy though graduate;18823;14631.57;because where indeed;6234.86;16887.76;3553.92;15113.4;false;25346.34;lest toughen lined;destination modulo;zowie why quizzical;apud partially;till closure brr;1283.96;knowingly gargantuan inasmuch;24023;true;true;capital;dole greedily often;loose upon apron;5861.24;8255.81;ew at;out crowded;wonder both high;28203.18;true;true;26402.36;tentacle;premaster instead near;9593;24918.64;debug forenenst;private equally;29002.98;false;pump;watery;asparagus;dislike euthanize;false;false;false;hastily forenenst bear;notwithstanding terrorize currency;see triumphantly agitated;terrific mobility;cast what;sorrel pish misreading;furthermore hollow;horse;regularly incentivize;whereas
5;superficial phew;true;2485.74;yak;13691.74;elated;reverse woot;18294.03;true;upset miserably resume;gee;bug;naughty dollarise enthusiastically;minority;15115;3139.94;for rightfully from;17575.7;16930.56;22587.61;2458.25;true;25771.52;carefully um down;butter provided;frenetically mmm elbow;forked smoothly happy;melodic;3194.1;phooey;10226;true;true;dynasty kit;debit sculpt;via rein excepting;17740.8;28296.93;patriarch the regarding;owner warm eulogise;but whether;22049.73;false;true;32555.35;kale rubberneck adventurously;sniveling;15673;12902.03;among;although;21609.43;false;brr;distinct;up hastily crumble;motionless;true;true;true;fearful cause aspect;seep ply duh;learn outvote;yearly oncology;excepting;aha fickle pace;cash up;smart knottily;optimistically gut obnoxiously;worriedly
6;till jubilant;true;32050;skim meh lieu;508.18;inexperienced hmph;oof after;17943.06;true;secret continually than;midst throw flashy;than immobilise;emanate eek muffled;jackal bumpy communion;17484;557.77;writhing;32520.45;17640.72;25069.93;18144.09;true;4842.1;worry quarrelsomely;barring provided around;hubcap tragic abaft;inside fossick;gosh disinhibit exactly;32536.01;watermelon sentence;25431;false;true;gorgeous ambitious;confirmation;untangle playfully inasmuch;13620.32;20176.89;um reorient;semiconductor SUV hoof;now cassava so;26450.76;false;true;17637.02;scarcely drat outside;who;6688;24335.6;where during supposing;unless overwhelm;94.01;true;silently inasmuch;month hike;round anenst;lonely jaded stupendous;false;false;true;via disguised;fine;upliftingly;deceivingly creature phooey;likewise;boo;knowingly;hm;forenenst clearly;except escape offensively
7;hilarious;false;30129.82;pajamas;24995.19;grudge;step-brother inasmuch at;17611.67;true;austere painfully so;checkmate;which rudely;shakily;physical;18263;11134.51;cell elixir gee;24045.33;18570.32;29854.43;23357.77;false;2370.98;lamp wassail;following for stylish;truly;quicker hm;well-to-do yowza into;18889.71;ha;6961;true;true;beneath;scented revenge;enumerate;13622.31;11030.48;psst recapture;angelic since;provided ascent isolation;26996.86;true;false;2370.67;cautiously ew;ouch outside pat;18470;4416.89;unabashedly accident ah;spelt progress likewise;26927.61;false;repeatedly woefully fondly;woefully likely;promenade privacy;humiliate;false;true;true;supposing;that reward fifth;fantastic;pfft;above knowledgeable buddy;icky duh;safely;but ostracise;valid sunny;meanwhile
8;even helpfully;false;21665.46;order;21069.18;ennoble after construct;jovially lovingly rudely;2960.54;true;regarding;about;drivel supposing throughout;supposing portion yippee;optimistically blah;6271;17995.14;ferociously what and;21691.27;28513.09;10789.79;32244.97;false;22861.25;as but;usually ambiguity toward;rib gadzooks;lance antique;lard trek unless;31805.49;till;6766;false;false;rightfully;before when positively;whenever councilperson while;24380.51;17850.19;pfft crooked aching;cohabit that wry;likewise off;11204.48;true;false;4960.16;jovial hitch;arrogance coolly divine;17773;765.56;rotten;ouch atop;14992.87;false;ew shakily;searchingly;yippee;fooey;false;true;false;noon;commander including reprocessing;ack;whoa;loom because;negative restfully;against drat;plead valiantly;gadzooks screen;candid
9;klutzy;false;17505.49;parade to;2292.6;gripping defiantly;boohoo;22679.27;true;provided modulo degrease;abaft;cactus;better;enthusiastically incubation yawningly;18734;2483.53;forthright;5518.67;7089.8;13253.62;24695.41;false;28581.04;menacing;whose leafy;pfft;giant ulcerate;which kale whenever;23170.65;likewise curtsy;31607;true;false;outlive;whether;shyly;139.76;16832.34;if;instead whenever;under supposing beyond;5609.25;true;false;24623.9;revert inasmuch ouch;famously;13538;17477.89;fooey which;mushy;11136.4;true;pirate while swiftly;pro;pulse saving tightly;shoe-horn loyally solve;true;false;true;over;successfully tortellini knottily;incidentally phew;mortality beyond powerfully;readily afore;yippee sleepily;upon but;mid;thorn;sad nondisclosure
10;thunderous and;true;5204.54;nimble frantically;2723.71;black;above huzzah;11709.4;true;toga;ew;consequently psst;incidentally;huzzah folder near;1322;15557.61;anti worth moody;32754.34;29811.06;24778;17148.63;false;24747.16;jealously;our hungrily grotesque;now;deceivingly;busily ferret;8703.08;pfft;6505;false;true;happy;shorten since gah;mortally;9956.34;12568.82;absent with um;transfuse pfft quicker;oof manicure drat;16497.27;true;true;27639.34;viciously anenst reproachfully;creche plus;8922;15974.31;worn;aboard;26387.07;true;ack;provided constant;ravioli accentuate;ah;true;false;false;angrily;whinny hosiery;patiently above er;ornery revolt;over;duh;nor;silently high-level;zowie around;surprisingly boohoo coat
