id;order_reg_num;start_order_reg_date;end_order_reg_date;request_number;bank_code;branch_code;customer_number;applicant_nationalcode;performa_number;performa_date;performa_expiry_date;performa_date_persian;performa_expiry_date_persian;info_submission_date;seller_name;beneficiary_country_code;producer_countries_code;source_country;multiple_transportable;delivery_time_of_goods;total_weight_in_kg;possibility_carrying;possibility_clearance;able_add_service_in_product_order;free_zone;currency_code;fob_amount;discount;shipment_cost;othr_cost;total_amount;is_file;file_number;extended;updated;generate_from_service;certificate_number;central_bank_code;is_migrational;external_customer;sum_redemption_duration;extended_day_number;main_group_product_code;producer_countries;excel_file;excel_file_content_type;commission_transaction_number
1;gosh giddy;till anti uh-huh;extra-small;for;of lessen vivo;faithfully default;solid;tornado cabinet pfft;nullify;loathsome like;smoothly colorfully;kiddingly phony;yearn unwritten anti;proofread mmm deeply;unless;patch downshift ambitious;impede verbally boiling;ill-fated total;true;tailor if spectacles;779.46;false;false;false;false;NPR;2089.37;4095.07;7797.41;7468.48;22871.32;false;horse toward;false;true;true;over depressive across;out tensely;true;29473;4152;18168;inside;viciously pancreas;../fake-data/blob/hipster.png;image/png;reincarnate
2;tensely ick fearless;concerning;woot warmhearted blah;nor encounter attenuate;lest arise;instead sparkling;negative progenitor;midst legume defrag;cultivar bleep unwieldy;lest;duh taut delightfully;what that with;without noon;associate;hopelessly greatly;down nor;hmph hypothesize;monthly remonstrate feud;false;depress wherever ha;28065.33;true;false;true;false;MVR;26823.69;9748.01;22608.84;1606.18;25083.89;true;although queasily although;false;false;false;after;gracefully;false;31673;4361;9558;that that;whoever;../fake-data/blob/hipster.png;image/png;note sentiment pace
3;busily teenager upstairs;throughout;catamaran personnel;finally between trembling;outlying merrily ugh;update;after rationalize;unruly;robust register;merrily wetly;um within master;occasional;lure;strong worriedly;honestly clear;grizzled dissipate;catch;horse ew;false;rosy;4636.52;true;true;true;true;BYN;17269.52;852.88;14627.55;28809.67;26860.45;false;fairly ruin;true;false;false;furthermore apropos;generously ha;false;27724;10191;21068;faint;potentially;../fake-data/blob/hipster.png;image/png;sympathetically curvy geez
4;hence;tingle oof unlike;the mmm;bowl psst pfft;tightly;charm pace billion;instantly;snort praise;grave boulder;classroom wonder as;in wherever pish;under once luminous;nurture reckless;quixotic frankly;gingerbread temporariness;forceful where now;unequaled unless likewise;safely crossly needily;true;livid enrollment;27230.24;true;false;true;false;SGD;10871.15;3275.61;24070.16;32572.58;13877.25;false;totter;false;false;true;frantically following;weird impulse package;false;15458;28261;9627;oh sharply;sort;../fake-data/blob/hipster.png;image/png;reminisce repeatedly
5;unaccountably faithfully well-to-do;ah;develop hm personal;weld before;art;till;youthfully reawaken;even;into yowza;boo over phooey;diverge;rearrange ick;extinction near including;neighboring;ha miserly;electric;internal gracious throw;converse following;true;hoof an;15032.32;true;false;true;false;SRD;32548.57;11456.96;12097.34;14565.13;30008.54;true;feminise;false;true;false;although qua;doting survival congregate;false;13558;12444;23859;tensely boohoo;whirlwind with um;../fake-data/blob/hipster.png;image/png;and
6;absent rudely boohoo;hurdle novel meh;after yesterday;ripple;pinkie over haze;ankle;notwithstanding;yippee knowingly urgently;crease;gee cuddle;airforce descale eek;unburden;quizzically before;noisily booster;rope;athletic posset;while however sanitize;wrongly clang bah;false;repose nurture ick;17078.4;true;true;true;false;SYP;3570.99;28622.8;30990.74;22454.55;17158.53;false;welcome unfortunately;true;false;false;hosiery;rightfully mess;false;27083;2641;10088;boo;towards;../fake-data/blob/hipster.png;image/png;towards plume
7;dual slow gifted;gah key even;painfully sensitize;masculinize brilliant flaky;qualified;muted save boo;regarding;mid apropos;modernize categorise;entertain meh backyard;wisely;inasmuch wholly;gosh beyond hmph;brr;suppression as;angelic anti;agitated jubilant garage;magnificent;true;malice crown grout;8188.78;false;true;false;true;STN;9176.79;22675.03;7830.38;26118.73;28539.98;true;pfft garner gee;true;false;true;outfit;even;true;5727;9829;17248;or;avoid;../fake-data/blob/hipster.png;image/png;white other although
8;regularly extraneous utterly;easily;eek silently;times traumatic;now;thoroughly readily;forearm;denationalise satisfied croak;brr;whether allow suddenly;over;woefully;amidst;spur;ale elaborate vacantly;by ha;tightly;silo;false;bleakly proof off;7219.37;false;false;false;true;AZN;30100.11;4812.06;16273.4;3945.15;1667.1;true;gah;true;true;false;self-assured busy scotch;gadzooks above sharply;false;29785;29136;17432;per refill;knock nor;../fake-data/blob/hipster.png;image/png;calculating westernize eclipse
9;theorise ouch;apud;old cayenne;lazy atop indeed;because quixotic oppress;disagree;um;where;whether silky fully;justly;oh interweave boogie;yowza resize;except utterly;misguided who unless;very sans sap;broken snowball;present nautical;allergist;false;shakily whereas lumpy;9412.14;false;true;true;false;GMD;20548.89;5828.08;25890.02;28512.69;6139.52;true;aspire alienated;false;false;false;carefree scarcely neatly;bivouac engage helplessly;false;30381;11691;16731;survey gah;jib;../fake-data/blob/hipster.png;image/png;patiently accept
10;bowed cuff-link;pesky;inwardly whose;lovingly from;great;er optimistically;dock devise before;up;amid winding corsage;terrify;often orientate woot;like rearrange back;gee abseil narrow;annotate aboard;keyboard furthermore;aha unethically educated;canonise if notwithstanding;octavo;false;pish vow echo;16992.88;true;false;false;true;BAM;12433.23;31705.61;23635.16;27441.25;17984.28;true;fruitful;false;true;false;aboard round crazy;miserably ew politely;false;2250;11615;5880;zowie ew;informal joyously aw;../fake-data/blob/hipster.png;image/png;nocturnal concerning whoa
